{
  "project_info": {
    "project_number": "753656596787",
    "firebase_url": "https://algolearn-f354d-default-rtdb.firebaseio.com",
    "project_id": "algolearn-f354d",
    "storage_bucket": "algolearn-f354d.appspot.com"
  },
  "client": [
    {
      "client_info": {
        "mobilesdk_app_id": "1:753656596787:android:7ceddcf6612c0f32ad9646",
        "android_client_info": {
          "package_name": "com.fadhilah.algolearn"
        }
      },
      "oauth_client": [
        {
          "client_id": "753656596787-83rl6tk031rntcfvmlsp0t8bg6rgrdsd.apps.googleusercontent.com",
          "client_type": 3
        }
      ],
      "api_key": [
        {
          "current_key": "AIzaSyChuOteQa4uT6x8FaHiZ5EFi8USnYzWfPs"
        }
      ],
      "services": {
        "appinvite_service": {
          "other_platform_oauth_client": [
            {
              "client_id": "753656596787-83rl6tk031rntcfvmlsp0t8bg6rgrdsd.apps.googleusercontent.com",
              "client_type": 3
            }
          ]
        }
      }
    }
  ],
  "configuration_version": "1"
}